iter	CrossEntropy	Accuracy
0	0.6527942924	0.7751503759
1	0.6179693786	0.7929887218
2	0.5884366958	0.7948120301
3	0.5624131398	0.7901879699
4	0.5412633234	0.7921240602
5	0.5224978676	0.7953947368
6	0.5066839919	0.7977443609
7	0.4922187471	0.7965225564
8	0.4809954525	0.7957330827
9	0.4709750824	0.7978383459
10	0.4622661794	0.7973308271
11	0.4568587644	0.7959210526
12	0.4519304319	0.7961466165
13	0.4459154613	0.7964473684
14	0.4405364046	0.7963909774
15	0.4358721623	0.7964285714
16	0.4323383428	0.7977631579
17	0.4292540558	0.7978383459
18	0.4254864273	0.7979323308
19	0.4224096818	0.797424812
20	0.4203035608	0.7976691729
21	0.4184417785	0.7985714286
22	0.4164273518	0.7991165414
23	0.4144243386	0.8005451128
24	0.4127474782	0.802575188
25	0.4111421836	0.802593985
26	0.4088042895	0.802593985
27	0.4073848772	0.8036090226
28	0.4059170525	0.8047368421
29	0.404132327	0.8042669173
30	0.4029898176	0.8039661654
31	0.4012697565	0.8046616541
32	0.3998286924	0.8045112782
33	0.3988822716	0.8042857143
34	0.3980829781	0.805018797
35	0.3969412933	0.8053759398
36	0.3962052339	0.8057330827
37	0.3954789566	0.8059398496
38	0.3944882015	0.8061278195
39	0.3938667228	0.8064097744
40	0.3929223968	0.8064473684
41	0.3922825648	0.8063345865
42	0.3915175244	0.8064849624
43	0.3908436027	0.8063909774
44	0.3898941202	0.8063909774
45	0.3891556653	0.8065413534
46	0.3884540142	0.8071992481
47	0.3878542732	0.807424812
48	0.3872141695	0.8076691729
49	0.3866995423	0.8071992481
50	0.3856040146	0.807387218
51	0.3850246411	0.8080075188
52	0.3842303728	0.8084586466
53	0.3835909098	0.8084210526
54	0.38326579	0.8082894737
55	0.3825561878	0.8089473684
56	0.3821820609	0.8093609023
57	0.3816432513	0.8093233083
58	0.3811537131	0.810112782
59	0.3807884219	0.810056391
60	0.3801251978	0.810112782
61	0.3795785988	0.809906015
62	0.3789790526	0.8102819549
63	0.3786051965	0.8106203008
64	0.3782179443	0.8107706767
65	0.3778830055	0.8111090226
66	0.377390129	0.8113721805
67	0.3771436981	0.8112781955
68	0.3768017437	0.8112781955
69	0.3765832371	0.8112030075
70	0.3761258982	0.8116165414
71	0.3757018027	0.8117105263
72	0.3753939014	0.8115789474
73	0.375074849	0.8115977444
74	0.3748474231	0.8114661654
75	0.3745807503	0.8115225564
76	0.3742074805	0.8113533835
77	0.3739765153	0.8114285714
78	0.3738228756	0.8117105263
79	0.3734998542	0.8116353383
80	0.3733212144	0.8117481203
81	0.3731420043	0.8117293233
82	0.3727537932	0.8119548872
83	0.3725215002	0.8119360902
84	0.372168599	0.8121428571
85	0.3719118155	0.8121240602
86	0.371726541	0.812481203
87	0.3714639454	0.812518797
88	0.3712332225	0.8126503759
89	0.3710356521	0.812575188
90	0.3708704257	0.812575188
91	0.3707250464	0.8125
92	0.3704830522	0.8128571429
93	0.3704123165	0.8127819549
94	0.3702801871	0.8130263158
95	0.3701325102	0.8127255639
96	0.3699386417	0.8128383459
97	0.3697478999	0.8130827068
98	0.3694981002	0.8132894737
99	0.3692200789	0.8131766917
100	0.3690831255	0.8129887218
101	0.3689682345	0.8129887218
102	0.3688770196	0.8130639098
103	0.3686637346	0.8130075188
104	0.3685407049	0.8132142857
105	0.3684418021	0.8131203008
106	0.3682534763	0.8131766917
107	0.3681583184	0.8132706767
108	0.3679979103	0.8133834586
109	0.3678870142	0.8135338346
110	0.3676912326	0.8136466165
111	0.3675786555	0.8135714286
112	0.3674478019	0.8137218045
113	0.3673672314	0.8136278195
114	0.3672696261	0.8139285714
115	0.3671358883	0.8138909774
116	0.3669837779	0.8138909774
117	0.3668906987	0.8139097744
118	0.3668044861	0.8139849624
119	0.3667039198	0.8137969925
120	0.3666041131	0.8140601504
121	0.3664943652	0.8141353383
122	0.3663830239	0.8141729323
123	0.3663302786	0.8144360902
124	0.3662541001	0.8143796992
125	0.3661396934	0.8142105263
126	0.3660358118	0.8143609023
127	0.3659894839	0.8143984962
128	0.3659211902	0.8143796992
129	0.3658621944	0.8144360902
130	0.3657969131	0.8143609023
131	0.3656896263	0.8143609023
132	0.3656314765	0.8143609023
133	0.3655586517	0.8142669173
134	0.3654995236	0.8142481203
135	0.3654655721	0.8143045113
136	0.3653782931	0.8140789474
137	0.3653262623	0.8142669173
138	0.3651337292	0.8143233083
139	0.3650788787	0.8143609023
140	0.364933604	0.8143233083
141	0.3648539867	0.8143233083
142	0.3648212688	0.8142481203
143	0.3647068902	0.8142669173
144	0.3646155734	0.8144172932
145	0.3645368824	0.8143796992
146	0.3644695675	0.8145488722
147	0.3643779292	0.8145864662
148	0.3643276164	0.8145488722
149	0.3642338971	0.8146804511
150	0.364211405	0.8147180451
151	0.3641376166	0.8146804511
152	0.3641152318	0.8146804511
153	0.3640809153	0.8146052632
154	0.3640334713	0.8145300752
155	0.3639718822	0.8145864662
156	0.3639019667	0.8144172932
157	0.3638668585	0.8143796992
158	0.3638384286	0.8144548872
159	0.3637711505	0.8144548872
160	0.3637175418	0.8145112782
161	0.3636667344	0.8146052632
162	0.3636305235	0.8145488722
163	0.3635825713	0.8144924812
164	0.3635301722	0.8145300752
165	0.363504935	0.8144172932
166	0.3634666253	0.8147368421
167	0.3634285689	0.8147556391
168	0.3632940169	0.8146804511
169	0.3632375152	0.8147180451
170	0.3631591938	0.8146992481
171	0.3630942569	0.8146616541
172	0.362974702	0.8146616541
173	0.3629275933	0.8148120301
174	0.3628972949	0.8147744361
175	0.3628421573	0.8146804511
176	0.3627931533	0.8147932331
177	0.3627197075	0.8148684211
178	0.3626819054	0.814906015
179	0.3626292556	0.8148120301
180	0.3625696561	0.814906015
181	0.3624357901	0.8148308271
182	0.3624014115	0.8147744361
183	0.3623563964	0.8147368421
184	0.3622543395	0.8147180451
185	0.3622090108	0.8147368421
186	0.36218014	0.8146992481
187	0.3621542701	0.8147368421
188	0.3620736473	0.8147556391
189	0.3620466602	0.8148120301
190	0.362021235	0.8147744361
191	0.3620161027	0.8147932331
192	0.3619293294	0.8148120301
193	0.3618719389	0.815056391
194	0.3618544301	0.815
195	0.3618275953	0.814887218
196	0.3617654034	0.815037594
197	0.3617642459	0.815037594
198	0.361729846	0.815018797
199	0.3616760395	0.815037594
200	0.3616394802	0.815056391
201	0.3616230904	0.815018797
202	0.3615843145	0.8151315789
203	0.3615468012	0.815
204	0.3614945335	0.8151315789
205	0.3614411166	0.8151315789
206	0.361409059	0.8151315789
207	0.3613857033	0.8151879699
208	0.3613349419	0.8152819549
209	0.3613182303	0.8153759398
210	0.3612854679	0.8153195489
211	0.3612259752	0.8154511278
212	0.361173717	0.8154511278
213	0.3611488659	0.8153571429
214	0.3610785105	0.8154887218
215	0.3610444271	0.8155451128
216	0.3610060879	0.8155263158
217	0.3609333543	0.8156015038
218	0.3608898955	0.8156015038
219	0.3608764029	0.8155263158
220	0.3608257528	0.8155451128
221	0.3607944974	0.8155827068
222	0.3607730704	0.8155639098
223	0.3607294835	0.8156578947
224	0.360709676	0.8156766917
225	0.3606724332	0.8156390977
226	0.3606275459	0.8156390977
227	0.3605969105	0.8156203008
228	0.3605728885	0.8155827068
229	0.3605418157	0.8156954887
230	0.360475119	0.8156954887
231	0.3604519295	0.8158646617
232	0.3604242395	0.8158082707
233	0.3603770646	0.8159774436
234	0.360342595	0.8159962406
235	0.3603385651	0.8159774436
236	0.3603068793	0.8160338346
237	0.3602838539	0.8160338346
238	0.3602469098	0.8161090226
239	0.3601907096	0.8161842105
240	0.3601607352	0.8161654135
241	0.3601595033	0.8162218045
242	0.3601470433	0.8161842105
243	0.3601118012	0.8160338346
244	0.3600889792	0.8160714286
245	0.3600595014	0.8161090226
246	0.3600276252	0.8162030075
247	0.3600028882	0.8162593985
248	0.3599587772	0.8163157895
249	0.3599472103	0.8162781955
250	0.3599289275	0.8163721805
251	0.3599239117	0.8163533835
252	0.3598864555	0.8163721805
253	0.3598446457	0.8163721805
254	0.3598144681	0.8163721805
255	0.3597774556	0.8164661654
256	0.3597476211	0.8164849624
257	0.3597217413	0.8163721805
258	0.3596854237	0.8164473684
259	0.3596548714	0.8164473684
260	0.3596201688	0.8164473684
261	0.3595803465	0.8165037594
262	0.3595519157	0.8164849624
263	0.3595307111	0.8164097744
264	0.3595075065	0.8163909774
265	0.3594691329	0.8164285714
266	0.3594349567	0.8165413534
267	0.3594077735	0.8166541353
268	0.3593976347	0.8165413534
269	0.3593689232	0.8165977444
270	0.3593654029	0.8166353383
271	0.3593406922	0.8167857143
272	0.3592946168	0.8167857143
273	0.3592633832	0.8168609023
274	0.3592376475	0.8167669173
275	0.3592145085	0.8168421053
276	0.3591613574	0.8167481203
277	0.3591165257	0.8168609023
278	0.3590900889	0.8167481203
279	0.3590574616	0.8168045113
280	0.3590544945	0.8168609023
281	0.3590291754	0.8167669173
282	0.358996133	0.8167669173
283	0.3589471365	0.8168233083
284	0.3589171918	0.8168609023
285	0.3589048137	0.8168421053
286	0.3588676073	0.8169548872
287	0.3588413545	0.8171428571
288	0.3587944613	0.8170112782
289	0.3587576609	0.8170864662
290	0.3587027479	0.8171240602
291	0.3586492463	0.8171616541
292	0.3586125284	0.8172932331
293	0.3586015304	0.8172932331
294	0.3585794769	0.8172744361
295	0.3585505912	0.8171616541
296	0.3585307856	0.8171428571
297	0.3584970266	0.8171052632
298	0.3584712096	0.8171616541
299	0.3584422002	0.8171052632
300	0.3583905749	0.8172180451
301	0.3583753869	0.8172556391
302	0.3583414726	0.8173684211
303	0.3583251091	0.8173308271
304	0.3583020685	0.8172556391
305	0.3582959647	0.8173496241
306	0.3582796345	0.8173120301
307	0.358244125	0.8173120301
308	0.3582222729	0.8173496241
309	0.3582059941	0.817481203
310	0.3581934453	0.817424812
311	0.3581735709	0.817387218
312	0.3581345532	0.817537594
313	0.3580938626	0.817556391
314	0.3580680828	0.817481203
315	0.3580091136	0.817575188
316	0.3579853278	0.817612782
317	0.3579581505	0.8176691729
318	0.3579246981	0.8176879699
319	0.3579082772	0.8177255639
320	0.3578871444	0.8177443609
321	0.3578663455	0.8177631579
322	0.3578339214	0.8178007519
323	0.3578122868	0.8177631579
324	0.357784075	0.8177067669
325	0.357763353	0.8178007519
326	0.3577133014	0.8177631579
327	0.357679792	0.8178007519
328	0.3576333919	0.8178007519
329	0.3576141837	0.8178383459
330	0.3575946536	0.8178383459
331	0.3575705984	0.8179511278
332	0.3575445906	0.8179511278
333	0.3575272051	0.8178195489
334	0.3574923871	0.8179511278
335	0.3574693691	0.8179699248
336	0.3574368684	0.8180075188
337	0.3574157136	0.8179887218
338	0.3573993926	0.8180639098
339	0.3573571607	0.8180827068
340	0.357317772	0.8181203008
341	0.3572977036	0.8181766917
342	0.3572689842	0.8182330827
343	0.3572458717	0.8182142857
344	0.3572242293	0.8182142857
345	0.3571928637	0.8181390977
346	0.3571745206	0.8181015038
347	0.3571594402	0.8181203008
348	0.3571322438	0.8180075188
349	0.3571006343	0.8179887218
350	0.3570679749	0.8179887218
351	0.357029372	0.8180075188
352	0.3570049657	0.8179887218
353	0.3569884576	0.8180263158
354	0.3569590911	0.8180263158
355	0.3569363338	0.8179699248
356	0.3568965839	0.8180639098
357	0.3568452809	0.8180263158
358	0.3568059923	0.8180451128
359	0.3567833994	0.8180075188
360	0.3567643177	0.8180075188
361	0.3567361287	0.8179887218
362	0.3566992878	0.8181015038
363	0.3566751728	0.8181203008
364	0.3566372432	0.8181954887
365	0.3566133849	0.8181203008
366	0.3565679988	0.8182330827
367	0.3565537455	0.8182142857
368	0.3565215561	0.8183270677
369	0.3565096842	0.8183834586
370	0.3564831738	0.8184586466
371	0.3564363734	0.8185338346
372	0.3564084581	0.8186090226
373	0.3563824554	0.8185714286
374	0.3563386142	0.8187406015
375	0.3563138897	0.8187406015
376	0.3562893969	0.8187969925
377	0.3562553772	0.8188157895
378	0.3562206707	0.8188909774
379	0.3561864531	0.8187593985
380	0.3561461885	0.8189285714
381	0.3560976995	0.8189473684
382	0.3560683661	0.8190037594
383	0.3560528543	0.8190225564
384	0.3560173978	0.8189285714
385	0.3559766449	0.8189285714
386	0.3559400696	0.8189285714
387	0.3559017326	0.8189473684
388	0.3558728792	0.8189661654
389	0.3558493022	0.8190037594
390	0.3558238436	0.8190601504
391	0.3557840401	0.8191353383
392	0.3557412768	0.8190601504
393	0.3557183945	0.8190977444
394	0.355686568	0.8190225564
395	0.3556461058	0.8189661654
396	0.355615842	0.8190977444
397	0.3555844217	0.8192105263
398	0.3555618914	0.8192105263
399	0.3555385636	0.8192105263
400	0.3555088593	0.8191729323
401	0.3554722739	0.8191917293
402	0.3554389493	0.8192857143
403	0.3554035505	0.8193421053
404	0.3553665462	0.8194172932
405	0.3553271281	0.8194736842
406	0.3552905364	0.8194548872
407	0.3552584756	0.8194548872
408	0.355216952	0.8196428571
409	0.3551986157	0.8195864662
410	0.3551656147	0.8196616541
411	0.3551474763	0.8196804511
412	0.3551210353	0.8195676692
413	0.3550837643	0.8196240602
414	0.3550455235	0.8196804511
415	0.3550210228	0.8197368421
416	0.3549832209	0.8198308271
417	0.3549493924	0.8198496241
418	0.3549152529	0.8198496241
419	0.3548791251	0.819906015
420	0.3548588244	0.819906015
421	0.354823947	0.8198308271
422	0.3547998562	0.8198684211
423	0.354760007	0.819924812
424	0.3547246452	0.819962406
425	0.3547031177	0.819943609
426	0.3546775488	0.819981203
427	0.3546514598	0.819981203
428	0.3546217092	0.820018797
429	0.3545939919	0.820018797
430	0.3545603503	0.820112782
431	0.354540569	0.8201879699
432	0.3545091177	0.8203195489
433	0.3544742086	0.8202819549
434	0.3544390489	0.8203759398
435	0.3544147898	0.8204887218
436	0.3543816824	0.8205263158
437	0.3543489264	0.8204699248
438	0.3543255278	0.8205075188
439	0.3542991794	0.8205451128
440	0.3542701084	0.8205639098
441	0.3542379224	0.8205639098
442	0.3541994284	0.8206015038
443	0.3541658058	0.8206015038
444	0.3541395731	0.8207142857
445	0.3541116356	0.8207330827
446	0.3540812857	0.8208458647
447	0.3540490449	0.8208834586
448	0.3540159747	0.8208646617
449	0.3540002318	0.8209210526
450	0.3539684687	0.8209398496
451	0.3539399778	0.8209586466
452	0.353909788	0.8209774436
453	0.3538745513	0.8209586466
454	0.353851853	0.8210526316
455	0.3538269342	0.8210526316
456	0.3537983704	0.8211654135
457	0.35376778	0.8211466165
458	0.353736944	0.8211466165
459	0.3537064394	0.8211842105
460	0.353677945	0.8212406015
461	0.353646603	0.8212969925
462	0.3536166598	0.8212218045
463	0.3535799373	0.8212030075
464	0.3535526583	0.8213157895
465	0.3535257355	0.8213157895
466	0.3534881681	0.8213157895
467	0.3534646203	0.8213533835
468	0.3534431342	0.8212406015
469	0.3534104539	0.8212593985
470	0.3533810857	0.8212218045
471	0.3533378073	0.8211278195
472	0.3533137726	0.8210902256
473	0.3532851673	0.8210526316
474	0.3532681546	0.8210526316
475	0.3532413701	0.8211654135
476	0.3532154658	0.8212218045
477	0.3531878964	0.8212030075
478	0.3531645161	0.8210714286
479	0.3531365054	0.8211090226
480	0.3531152584	0.8210902256
481	0.353087685	0.8210526316
482	0.3530748574	0.8210902256
483	0.3530447174	0.8210714286
484	0.3530204295	0.8210714286
485	0.3529929993	0.8211090226
486	0.352967593	0.8211090226
487	0.3529338195	0.8211278195
488	0.3529059854	0.8211842105
489	0.3528914138	0.8211654135
490	0.352856537	0.8211466165
491	0.3528266638	0.8209774436
492	0.3528044833	0.8209774436
493	0.3527752937	0.8209586466
494	0.3527456273	0.8209586466
495	0.3527210135	0.8209774436
496	0.3526820528	0.8211278195
497	0.3526541018	0.8211842105
498	0.3526221485	0.8212030075
499	0.3525959424	0.8212030075
500	0.3525710466	0.8212030075
501	0.3525444183	0.8212781955
502	0.3525130749	0.8213533835
503	0.3524849958	0.8213721805
504	0.3524642984	0.8214473684
505	0.3524261256	0.8214285714
506	0.352393676	0.8214849624
507	0.352373065	0.8215037594
508	0.3523387449	0.8215601504
509	0.3522974135	0.8216353383
510	0.3522520235	0.8216917293
511	0.3522366072	0.8216917293
512	0.3521987196	0.8216917293
513	0.3521715945	0.8216165414
514	0.3521424739	0.8218045113
515	0.3521101337	0.8218045113
516	0.3520810941	0.8218984962
517	0.352064748	0.8218421053
518	0.3520353927	0.8217481203
519	0.3519958512	0.8217857143
520	0.3519511717	0.8217669173
521	0.3519213764	0.8217105263
522	0.3518929906	0.8217293233
523	0.3518508881	0.8218796992
524	0.3518268974	0.8218984962
525	0.3518157434	0.8218609023
526	0.3517832889	0.8219736842
527	0.3517642285	0.8218984962
528	0.3517294716	0.8219548872
529	0.3517027047	0.8219736842
530	0.3516848302	0.8218609023
531	0.3516604163	0.8219548872
532	0.3516272489	0.8219736842
533	0.3515935906	0.8221240602
534	0.3515729506	0.8221240602
535	0.3515508262	0.8221240602
536	0.3515197917	0.8221240602
537	0.351490651	0.8221240602
538	0.3514651561	0.8220676692
539	0.3514427687	0.8221052632
540	0.3514081419	0.8221804511
541	0.3513813882	0.8222180451
542	0.3513509037	0.8222368421
543	0.3513136364	0.8221804511
544	0.3512816929	0.8222556391
545	0.3512447624	0.8222744361
546	0.3512170002	0.8223684211
547	0.3511746271	0.8223308271
548	0.3511423181	0.822424812
549	0.3511222932	0.822518797
550	0.3510980464	0.822537594
551	0.3510706444	0.822537594
552	0.3510394291	0.822556391
553	0.3510139605	0.822537594
554	0.3509789485	0.822556391
555	0.3509435403	0.822593985
556	0.3509089553	0.8225
557	0.350889307	0.822575188
558	0.3508583128	0.822537594
559	0.35083094	0.8226691729
560	0.3508119465	0.8226691729
561	0.3507814392	0.822575188
562	0.3507578889	0.8226315789
563	0.3507329167	0.8227067669
564	0.3507070158	0.8228383459
565	0.3506761325	0.8228007519
566	0.350656062	0.8227443609
567	0.3506283737	0.8229323308
568	0.3506046495	0.8229323308
569	0.3505750449	0.8229511278
570	0.3505477416	0.8229135338
571	0.3505074961	0.8229699248
572	0.3504739075	0.8231015038
573	0.3504466693	0.8230827068
574	0.3504156626	0.8230451128
575	0.350387397	0.8230827068
576	0.3503553013	0.8231954887
577	0.3503167439	0.8231390977
578	0.3502977281	0.8231578947
579	0.3502610007	0.8231578947
580	0.3502401757	0.8232330827
581	0.3502163228	0.8231578947
582	0.350182535	0.8232706767
583	0.3501644779	0.8233458647
584	0.35013031	0.8234398496
585	0.3500958333	0.8234210526
586	0.3500620943	0.8233834586
587	0.3500396451	0.8234022556
588	0.3500107286	0.8235526316
589	0.3499842982	0.8236090226
590	0.3499567807	0.8234774436
591	0.3499319984	0.8235150376
592	0.3499145165	0.8235150376
593	0.3498956627	0.8235902256
594	0.3498756239	0.8236090226
595	0.3498424235	0.8235338346
596	0.3498210892	0.8235902256
597	0.3497853273	0.8234962406
598	0.3497653807	0.8234398496
599	0.3497478446	0.8235526316
600	0.3497273247	0.8236278195
601	0.3497044715	0.8236466165
602	0.3496711996	0.8236842105
603	0.349653322	0.8236842105
604	0.3496338608	0.8237406015
605	0.3496055925	0.8239849624
606	0.3495696825	0.8240037594
607	0.3495444857	0.8239097744
608	0.3495078197	0.8239849624
609	0.3494758924	0.8238721805
610	0.3494537012	0.8238345865
611	0.3494236921	0.8237969925
612	0.3493941786	0.8237781955
613	0.3493696714	0.8237969925
614	0.3493344259	0.8238721805
615	0.3493047405	0.8238533835
616	0.3492748625	0.8238345865
617	0.3492527899	0.8238345865
618	0.3492356121	0.8237969925
619	0.3492063298	0.8238533835
620	0.3491803748	0.8238345865
621	0.3491549941	0.8239097744
622	0.3491224309	0.8238721805
623	0.3490945454	0.8239473684
624	0.349068498	0.8239661654
625	0.3490466777	0.8240601504
626	0.3490217137	0.8240977444
627	0.348988276	0.8240789474
628	0.3489645449	0.8241541353
629	0.3489385276	0.8241541353
630	0.3489071344	0.8241541353
631	0.3488832954	0.8241353383
632	0.3488353974	0.8242105263
633	0.3488078981	0.8242481203
634	0.3487839718	0.8243045113
635	0.3487496912	0.8242481203
636	0.3487229184	0.8242857143
637	0.348700543	0.8243421053
638	0.3486883731	0.8243984962
639	0.3486703344	0.8244172932
640	0.3486576501	0.8243233083
641	0.3486308223	0.8243609023
642	0.3486134979	0.8244924812
643	0.3485933338	0.8244924812
644	0.3485735058	0.8244924812
645	0.3485502429	0.8245112782
646	0.3485393321	0.8245112782
647	0.34852234	0.8244924812
648	0.3484844938	0.8245300752
649	0.3484613299	0.8245488722
650	0.3484304093	0.8245676692
651	0.3484105164	0.8246052632
652	0.348381511	0.8246052632
653	0.3483574038	0.8246052632
654	0.3483395501	0.8245300752
655	0.3483162018	0.8246052632
656	0.3482877734	0.8246240602
657	0.3482663062	0.8246804511
658	0.3482469227	0.8246240602
659	0.3482243739	0.8246428571
660	0.34820041	0.8246616541
661	0.3481788335	0.8246428571
662	0.3481528002	0.8247368421
663	0.3481325702	0.8247180451
664	0.3481047861	0.8247368421
665	0.3480830405	0.8247180451
666	0.3480611988	0.8247180451
667	0.3480358797	0.8246992481
668	0.3480252693	0.8246992481
669	0.3480052719	0.8246616541
670	0.3479761207	0.8246616541
671	0.3479556629	0.8246804511
672	0.3479227086	0.8247368421
673	0.3478861835	0.8248684211
674	0.3478619421	0.824906015
675	0.3478430652	0.824906015
676	0.3478186722	0.824924812
677	0.3477872728	0.825056391
678	0.3477572788	0.825075188
679	0.3477288235	0.825093985
680	0.3477059725	0.8251503759
681	0.3476842161	0.8251315789
682	0.3476704666	0.8251315789
683	0.3476348681	0.825075188
684	0.3476063243	0.825093985
685	0.3475859198	0.825093985
686	0.347549321	0.8251691729
687	0.3475203568	0.8252067669
688	0.3475043764	0.8252067669
689	0.347483933	0.8252631579
690	0.3474515162	0.8253195489
691	0.3474310604	0.8253195489
692	0.3474072389	0.8253007519
693	0.3473821878	0.8253007519
694	0.3473600882	0.8253947368
695	0.3473436635	0.8253571429
696	0.3473169395	0.8253383459
697	0.347282866	0.8254323308
698	0.3472516282	0.8253947368
699	0.3472235035	0.8254323308
700	0.3471906858	0.8254135338
701	0.3471602972	0.8254323308
702	0.3471395211	0.8254887218
703	0.3471209175	0.8255263158
704	0.3470880554	0.8255263158
705	0.3470700926	0.8255827068
706	0.3470478087	0.8255263158
707	0.3470357499	0.8255639098
708	0.3470246009	0.8255263158
709	0.3469955016	0.8255451128
710	0.346964883	0.8256203008
711	0.3469457825	0.8256766917
712	0.346916278	0.8256954887
713	0.3468882106	0.8257518797
714	0.346866342	0.8257518797
715	0.3468473906	0.8257142857
716	0.346827834	0.8256954887
717	0.3467968304	0.8256954887
718	0.3467688613	0.8256578947
719	0.3467522206	0.8256954887
720	0.3467254069	0.8257706767
721	0.3466980064	0.8258270677
722	0.3466767933	0.8258082707
723	0.3466622191	0.8258082707
724	0.346631012	0.8258082707
725	0.3466148639	0.8257894737
726	0.3465917122	0.8258646617
727	0.34656971	0.8259022556
728	0.3465470974	0.8258834586
729	0.346526076	0.8259210526
730	0.3465051106	0.8258646617
731	0.3464751961	0.8259022556
732	0.346460866	0.8259022556
733	0.3464374278	0.8259586466
734	0.3464240402	0.8259774436
735	0.3464071867	0.8260150376
736	0.3463812794	0.8260714286
737	0.3463522401	0.8260526316
738	0.3463297466	0.8260714286
739	0.3463079881	0.8260338346
740	0.3462873452	0.8260338346
741	0.3462695805	0.8261466165
742	0.3462369046	0.8261842105
743	0.3462187884	0.8262030075
744	0.3461909297	0.8262218045
745	0.3461672906	0.8261466165
746	0.3461427694	0.8261090226
747	0.3461232727	0.8261090226
748	0.3460957901	0.8260338346
749	0.3460763372	0.8260714286
750	0.3460562651	0.8261090226
751	0.3460313889	0.8261654135
752	0.3460054631	0.8261842105
753	0.3459910731	0.8262030075
754	0.3459797096	0.8261842105
755	0.3459549049	0.8261842105
756	0.3459328275	0.8261842105
757	0.3459110466	0.8261842105
758	0.3458943795	0.8261466165
759	0.3458724328	0.8261466165
760	0.3458462144	0.8262030075
761	0.3458190978	0.8261842105
762	0.3458035151	0.8261842105
763	0.3457822454	0.8262218045
764	0.3457485164	0.8262969925
765	0.3457213272	0.8263721805
766	0.3456980298	0.8262406015
767	0.3456781805	0.8262406015
768	0.3456468515	0.8262781955
769	0.3456205024	0.8262406015
770	0.345585757	0.8262406015
771	0.3455610549	0.8262406015
772	0.3455455781	0.8262593985
773	0.3455166373	0.8263157895
774	0.3454846431	0.8262969925
775	0.3454587876	0.8262969925
776	0.3454393667	0.8263909774
777	0.3454116272	0.8264097744
778	0.3453872585	0.8263909774
779	0.3453650436	0.8264097744
780	0.3453386423	0.8264849624
781	0.3453146405	0.8266165414
782	0.3452947362	0.8265789474
783	0.3452719317	0.8266353383
784	0.3452460892	0.8266541353
785	0.3452219506	0.8267105263
786	0.3451962546	0.8267105263
787	0.3451691112	0.8267481203
788	0.3451451397	0.8266541353
789	0.3451317743	0.8266729323
790	0.3451059359	0.8266729323
791	0.3450915902	0.8267105263
792	0.3450690622	0.8267481203
793	0.3450515005	0.8266917293
794	0.345034576	0.8266541353
795	0.3450140194	0.8266541353
796	0.3449959999	0.8266729323
797	0.3449771231	0.8268233083
798	0.3449585465	0.8268421053
799	0.3449369562	0.8268421053
800	0.3449212916	0.8268233083
801	0.3449045045	0.8268045113
802	0.3448800172	0.8268796992
803	0.3448613579	0.8268796992
804	0.3448399148	0.8269924812
805	0.3448132674	0.8268796992
806	0.3447932936	0.8269548872
807	0.3447628264	0.8268984962
808	0.344731482	0.8268421053
809	0.344715615	0.8269172932
810	0.3446826338	0.8268796992
811	0.3446620055	0.8268233083
812	0.3446499658	0.8268421053
813	0.3446311026	0.8268233083
814	0.3446093576	0.8268233083
815	0.3445844648	0.8269360902
816	0.3445548779	0.8269548872
817	0.3445290212	0.8269736842
818	0.3445032758	0.8270112782
819	0.3444812145	0.8270488722
820	0.3444622766	0.8269924812
821	0.3444473213	0.8269548872
822	0.3444181274	0.8269360902
823	0.3444006773	0.8269736842
824	0.3443757547	0.8270488722
825	0.3443566186	0.8269924812
826	0.3443400389	0.8270864662
827	0.3443070507	0.8270864662
828	0.3442916955	0.8271052632
829	0.3442677702	0.8270488722
830	0.3442470999	0.8270864662
831	0.3442276459	0.8271240602
832	0.3442117876	0.8272368421
833	0.3441746719	0.8272368421
834	0.344155995	0.8271992481
835	0.3441350841	0.8272556391
836	0.3441205218	0.8272368421
837	0.3440982446	0.8272180451
838	0.3440811078	0.8272556391
839	0.3440607312	0.8272556391
840	0.3440332504	0.8273308271
841	0.3440143253	0.8273684211
842	0.3439919773	0.827424812
843	0.3439696988	0.8273684211
844	0.3439443709	0.827387218
845	0.3439155765	0.8273684211
846	0.3438822027	0.827443609
847	0.3438599443	0.827443609
848	0.3438251193	0.8273496241
849	0.343815198	0.8273684211
850	0.3437910107	0.827424812
851	0.3437650717	0.827518797
852	0.3437347669	0.827537594
853	0.3437164381	0.827593985
854	0.3436894275	0.827575188
855	0.3436563862	0.8277443609
856	0.3436480184	0.8277631579
857	0.3436210322	0.8278195489
858	0.3435982539	0.8279323308
859	0.3435778007	0.8279511278
860	0.3435539813	0.8279699248
861	0.3435405235	0.8279511278
862	0.3435197413	0.8279511278
863	0.3434875006	0.8279887218
864	0.3434645268	0.8279887218
865	0.3434436951	0.8279511278
866	0.3434252814	0.8280263158
867	0.3433868752	0.8279699248
868	0.3433606734	0.8280451128
869	0.3433376951	0.8280639098
870	0.3433168013	0.8280639098
871	0.3432973571	0.8280639098
872	0.3432746703	0.8280827068
873	0.3432623011	0.8280827068
874	0.3432406627	0.8281203008
875	0.3432113553	0.8281015038
876	0.3431817611	0.8282330827
877	0.3431515205	0.8281766917
878	0.3431241037	0.8282706767
879	0.3431079409	0.8282894737
880	0.3430781169	0.8281766917
881	0.3430533341	0.8281578947
882	0.3430262416	0.8280827068
883	0.3430036262	0.8280639098
884	0.3429801959	0.8280639098
885	0.342949299	0.8282330827
886	0.3429213646	0.8281954887
887	0.3429134699	0.8282142857
888	0.34287995	0.8284022556
889	0.3428631277	0.8284022556
890	0.3428399139	0.8284210526
891	0.3428206705	0.8283834586
892	0.3427912542	0.8283458647
893	0.3427664819	0.8284022556
894	0.3427509901	0.8284210526
895	0.3427270056	0.8284210526
896	0.3427072179	0.8284774436
897	0.3426920316	0.8284586466
898	0.342666608	0.8285714286
899	0.3426519828	0.8285902256
900	0.34263254	0.8285338346
901	0.3426188531	0.8285526316
902	0.3426012292	0.8285338346
903	0.3425736073	0.8285902256
904	0.342551733	0.8286278195
905	0.342530296	0.8286466165
906	0.342512233	0.8286842105
907	0.3424843967	0.8287218045
908	0.342453809	0.8286842105
909	0.3424288571	0.8286466165
910	0.3424117428	0.8287030075
911	0.3423837482	0.8287781955
912	0.342365763	0.8287781955
913	0.342339535	0.8287030075
914	0.342313315	0.8286090226
915	0.3422895948	0.8287406015
916	0.3422754797	0.8287218045
917	0.3422533399	0.8286842105
918	0.3422357613	0.8287030075
919	0.3422144162	0.8288157895
920	0.3421880749	0.8287969925
921	0.3421614052	0.8288909774
922	0.3421440898	0.8288533835
923	0.3421175714	0.8288909774
924	0.3420999176	0.8289661654
925	0.3420805808	0.8289473684
926	0.3420481458	0.8288909774
927	0.3420323738	0.8288721805
928	0.3419997149	0.8291165414
929	0.3419790365	0.8290977444
930	0.3419596942	0.8290601504
931	0.3419363068	0.8290225564
932	0.3419187189	0.8290789474
933	0.3419113887	0.8290789474
934	0.3418941583	0.8291165414
935	0.3418667745	0.8291165414
936	0.3418432283	0.8291541353
937	0.3418339536	0.8291729323
938	0.3418161024	0.8291165414
939	0.3418038915	0.8290977444
940	0.3417860723	0.8290601504
941	0.3417604649	0.8291165414
942	0.3417461742	0.8291353383
943	0.3417260384	0.8292105263
944	0.3416974888	0.8291729323
945	0.3416754079	0.8292481203
946	0.3416619983	0.8293421053
947	0.3416275003	0.8292293233
948	0.3416086865	0.8291165414
949	0.3415911266	0.8291729323
950	0.3415569898	0.8291541353
951	0.341529119	0.8291917293
952	0.341497052	0.8292481203
953	0.3414849495	0.8292481203
954	0.3414675331	0.8291917293
955	0.3414489406	0.8292481203
956	0.341429366	0.8292857143
957	0.3414091115	0.8292857143
958	0.3413948156	0.8293421053
959	0.3413729099	0.8293796992
960	0.3413470768	0.8293796992
961	0.3413239204	0.8293045113
962	0.3413045615	0.8292857143
963	0.3412734152	0.8293233083
964	0.3412463223	0.8293233083
965	0.3412226336	0.8293796992
966	0.3411995281	0.8295112782
967	0.3411810963	0.8295488722
968	0.3411560919	0.8295488722
969	0.3411391518	0.8295300752
970	0.3411173371	0.8295864662
971	0.3410956513	0.8296616541
972	0.3410719139	0.8296428571
973	0.3410468463	0.8296052632
974	0.3410197634	0.8296992481
975	0.3409967322	0.8296240602
976	0.340975767	0.8296804511
977	0.3409481854	0.8296992481
978	0.3409211924	0.8296616541
979	0.3409052074	0.8296616541
980	0.3408839713	0.8296616541
981	0.340872098	0.8296616541
982	0.3408406917	0.8298120301
983	0.3408191337	0.8297932331
984	0.3407965023	0.8298120301
985	0.3407674723	0.8298120301
986	0.3407451073	0.8297556391
987	0.3407156253	0.8297556391
988	0.3406932381	0.8296616541
989	0.3406753938	0.8297180451
990	0.3406591664	0.8296428571
991	0.3406431322	0.8296428571
992	0.3406236731	0.8296804511
993	0.340596637	0.8297556391
994	0.3405618161	0.829924812
995	0.3405455774	0.829887218
996	0.3405167331	0.829981203
997	0.3404957262	0.829962406
998	0.3404704217	0.829962406
999	0.3404473242	0.830037594
